{
  "model": "dina",
  "dataset": "dataStructure",
  "train_ratio": 0.8,
  "val_ratio": 0.0,
  "split_seed": 42,
  "epochs": 300,
  "label_threshold": 0.6,
  "test_theory_mae": 0.18180669492889284,
  "test_theory_rmse": 0.24402300417031125,
  "test_theory_n": 1086.0,
  "test_experiment_mae": 0.1851870783422359,
  "test_experiment_rmse": 0.2611777722234465,
  "test_experiment_n": 189.0,
  "test_all_mae": 0.18230778705840017,
  "test_all_rmse": 0.24664128381401063,
  "test_all_n": 1275.0
}