{
  "model": "cdf_cse",
  "dataset": "dataStructure",
  "split": "test",
  "train_ratio": 0.8,
  "val_ratio": 0.0,
  "split_seed": 42,
  "split_mode": "combined",
  "test_theory_mae": 0.11133681194155481,
  "test_theory_rmse": 0.17458728386170572,
  "test_theory_n": 1086.0,
  "test_experiment_mae": 0.16277593069657567,
  "test_experiment_rmse": 0.23121613331021126,
  "test_experiment_n": 189.0,
  "test_all_mae": 0.11896190483935791,
  "test_all_rmse": 0.18408474548099737,
  "test_all_n": 1275.0
}