{
  "dataset": "dataStructure",
  "train_ratio": 0.8,
  "val_ratio": 0.0,
  "split_seed": 42,
  "training_seed": 42,
  "n_iters": 1000,
  "elapsed_sec": 0.07308292388916016,
  "test_theory_mae": 0.11133681194155483,
  "test_theory_rmse": 0.17458728386170572,
  "test_theory_n": 1086.0,
  "test_experiment_mae": 0.16277593069657567,
  "test_experiment_rmse": 0.23121613331021126,
  "test_experiment_n": 189.0,
  "test_all_mae": 0.1189619048393579,
  "test_all_rmse": 0.18408474548099737,
  "test_all_n": 1275.0,
  "model": "cdf_cse"
}