{
  "model": "irt",
  "dataset": "dataStructure",
  "train_ratio": 0.8,
  "val_ratio": 0.0,
  "split_seed": 42,
  "epochs": 300,
  "test_theory_mae": 0.10692885677719532,
  "test_theory_rmse": 0.1685991336541804,
  "test_theory_n": 1086.0,
  "test_experiment_mae": 0.13395886658321296,
  "test_experiment_rmse": 0.2050798459686005,
  "test_experiment_n": 189.0,
  "test_all_mae": 0.11093565823079325,
  "test_all_rmse": 0.17448903280266578,
  "test_all_n": 1275.0
}