{
  "dataset": "networkSecurity",
  "train_ratio": 0.8,
  "val_ratio": 0.0,
  "split_seed": 42,
  "training_seed": 42,
  "n_iters": 1000,
  "elapsed_sec": 0.4429631233215332,
  "test_theory_mae": 0.3833266560417637,
  "test_theory_rmse": 0.4309138330877085,
  "test_theory_n": 365.0,
  "test_experiment_mae": 0.3755970258112272,
  "test_experiment_rmse": 0.4164721742295524,
  "test_experiment_n": 332.0,
  "test_all_mae": 0.37964482356466456,
  "test_all_rmse": 0.4240962183530756,
  "test_all_n": 697.0
}