MSE,RMSE,RMSE_total
0.062818296,0.25063577,2.579655
