MAE_raw,RMSE_raw,MAE_norm,RMSE_norm,RMSE_total
0.9489035,1.3888669,0.094890356,0.13888668,12.278146
